<?xml version="1.0" encoding="UTF-8"?>
<project xmlns="http://maven.apache.org/POM/4.0.0" xmlns:xsi="http://www.w3.org/2001/XMLSchema-instance" xsi:schemaLocation="http://maven.apache.org/POM/4.0.0 http://maven.apache.org/maven-v4_0_0.xsd">
  <modelVersion>4.0.0</modelVersion>
  <groupId>BlueTurtle</groupId>
  <artifactId>UnifiedASATVisualizer</artifactId>
  <name>Unified ASAT Visualizer</name>
  <version>1.1.2</version>
  <description>A tool that generates one single visualization that shows where all the warnings from different ASAT (CheckStyle, PMD and Findbugs) are located in your project.</description>
  <url>http://maven.apache.org</url>
  <developers>
    <developer>
      <name>Boning Gong</name>
    </developer>
    <developer>
      <name>Clinton Cao</name>
    </developer>
    <developer>
      <name>Michiel Doesburg</name>
    </developer>
    <developer>
      <name>Sunwei Wang</name>
    </developer>
    <developer>
      <name>Tim Buckers</name>
    </developer>
  </developers>
  <build>
    <plugins>
      <plugin>
        <artifactId>maven-compiler-plugin</artifactId>
        <version>3.3</version>
        <configuration>
          <excludes>
            <exclude>src/main/resources/*</exclude>
          </excludes>
          <source>1.8</source>
          <target>1.8</target>
        </configuration>
      </plugin>
      <plugin>
        <artifactId>maven-checkstyle-plugin</artifactId>
        <version>${checkstyle.plugin.version}</version>
        <configuration>
          <configLocation>${basedir}/checkstyle.xml</configLocation>
          <includeTestSourceDirectory>true</includeTestSourceDirectory>
        </configuration>
      </plugin>
      <plugin>
        <artifactId>maven-shade-plugin</artifactId>
        <version>2.4.3</version>
        <executions>
          <execution>
            <phase>package</phase>
            <goals>
              <goal>shade</goal>
            </goals>
            <configuration>
              <outputDirectory>../guide</outputDirectory>
              <transformers>
                <transformer>
                  <mainClass>BlueTurtle.uav.Main</mainClass>
                </transformer>
              </transformers>
            </configuration>
          </execution>
        </executions>
      </plugin>
      <plugin>
        <artifactId>maven-pmd-plugin</artifactId>
        <version>${pmd.plugin.version}</version>
        <configuration>
          <skipEmptyReport>false</skipEmptyReport>
          <includeTests>true</includeTests>
          <rulesets>
            <ruleset>pmd-rules.xml</ruleset>
          </rulesets>
        </configuration>
      </plugin>
      <plugin>
        <groupId>org.codehaus.mojo</groupId>
        <artifactId>findbugs-maven-plugin</artifactId>
        <version>${findbugs.version}</version>
        <configuration>
          <xmlOutput>true</xmlOutput>
          <includeTests>true</includeTests>
        </configuration>
      </plugin>
      <plugin>
        <artifactId>maven-project-info-reports-plugin</artifactId>
        <version>2.8</version>
      </plugin>
      <plugin>
        <groupId>org.eluder.coveralls</groupId>
        <artifactId>coveralls-maven-plugin</artifactId>
        <version>4.1.0</version>
        <configuration>
          <repoToken>cttmfki0X8WQhmx3dcmXHwiVcqDPh7R1W</repoToken>
        </configuration>
      </plugin>
      <plugin>
        <groupId>org.jacoco</groupId>
        <artifactId>jacoco-maven-plugin</artifactId>
        <version>0.7.5.201505241946</version>
        <executions>
          <execution>
            <id>prepare-agent</id>
            <goals>
              <goal>prepare-agent</goal>
            </goals>
          </execution>
        </executions>
        <configuration>
          <excludes>
            <exclude>**/GUI*</exclude>
            <exclude>**/GUIController*</exclude>
            <exclude>**/SelectButtonEventHandler*</exclude>
            <exclude>**/VisualizeButtonEventHandler*</exclude>
            <exclude>**/AlertCreator*</exclude>
            <exclude>**/Main*</exclude>
          </excludes>
        </configuration>
      </plugin>
      <plugin>
        <artifactId>maven-enforcer-plugin</artifactId>
        <version>1.4.1</version>
        <executions>
          <execution>
            <id>enforce-versions</id>
            <phase>validate</phase>
            <goals>
              <goal>enforce</goal>
            </goals>
            <configuration>
              <rules>
                <requireJavaVersion>
                  <version>1.8.0-40</version>
                </requireJavaVersion>
              </rules>
            </configuration>
          </execution>
        </executions>
      </plugin>
    </plugins>
  </build>
  <dependencies>
    <dependency>
      <groupId>org.projectlombok</groupId>
      <artifactId>lombok</artifactId>
      <version>1.16.8</version>
      <scope>provided</scope>
    </dependency>
  </dependencies>
  <reporting>
    <plugins>
      <plugin>
        <artifactId>maven-project-info-reports-plugin</artifactId>
        <version>2.8</version>
      </plugin>
      <plugin>
        <artifactId>maven-javadoc-plugin</artifactId>
        <version>2.10.1</version>
        <configuration>
          <failOnError>false</failOnError>
        </configuration>
        <reportSets>
          <reportSet>
            <reports>
              <report>javadoc</report>
            </reports>
          </reportSet>
        </reportSets>
      </plugin>
      <plugin>
        <artifactId>maven-jxr-plugin</artifactId>
        <version>2.5</version>
        <configuration>
          <linkJavadoc>true</linkJavadoc>
        </configuration>
      </plugin>
      <plugin>
        <artifactId>maven-checkstyle-plugin</artifactId>
        <version>${checkstyle.plugin.version}</version>
        <configuration>
          <configLocation>${basedir}/checkstyle.xml</configLocation>
          <includeTestSourceDirectory>true</includeTestSourceDirectory>
        </configuration>
      </plugin>
      <plugin>
        <artifactId>maven-surefire-report-plugin</artifactId>
        <version>2.18.1</version>
      </plugin>
      <plugin>
        <groupId>org.jacoco</groupId>
        <artifactId>jacoco-maven-plugin</artifactId>
        <version>0.7.5.201505241946</version>
        <configuration>
          <excludes>
            <exclude>**/GUI*</exclude>
            <exclude>**/GUIController*</exclude>
            <exclude>**/SelectButtonEventHandler*</exclude>
            <exclude>**/Main*</exclude>
          </excludes>
        </configuration>
        <reportSets>
          <reportSet>
            <reports>
              <report>report</report>
            </reports>
          </reportSet>
        </reportSets>
      </plugin>
      <plugin>
        <artifactId>maven-pmd-plugin</artifactId>
        <version>${pmd.plugin.version}</version>
        <configuration>
          <skipEmptyReport>false</skipEmptyReport>
          <includeTests>true</includeTests>
          <rulesets>
            <ruleset>pmd-rules.xml</ruleset>
          </rulesets>
        </configuration>
      </plugin>
      <plugin>
        <groupId>org.codehaus.mojo</groupId>
        <artifactId>findbugs-maven-plugin</artifactId>
        <version>${findbugs.version}</version>
        <configuration>
          <xmlOutput>true</xmlOutput>
          <includeTests>true</includeTests>
        </configuration>
      </plugin>
    </plugins>
  </reporting>
  <properties>
    <checkstyle.plugin.version>2.16</checkstyle.plugin.version>
    <findbugs.version>3.0.1</findbugs.version>
    <project.build.sourceEncoding>UTF-8</project.build.sourceEncoding>
    <pmd.plugin.version>3.6</pmd.plugin.version>
  </properties>
</project>

